{"cameraMode":{"drawMode":0,"name":"Shaded","section":"Shading Mode"},"sceneLighting":true,"audioPlay":false,"sceneViewState":{"showFog":true,"showMaterialUpdate":false,"showSkybox":false,"showFlares":true,"showImageEffects":true,"showParticleSystems":true},"in2DMode":false,"pivot":{"x":1085.9036865234375,"y":103.89884948730469,"z":652.396240234375},"rotation":{"x":0.07024145871400833,"y":-0.7887327671051025,"z":0.0917590856552124,"w":0.6037773489952087},"size":16.033964157104493,"orthographic":false}