{"cameraMode":{"drawMode":0,"name":"Shaded","section":"Shading Mode"},"sceneLighting":true,"audioPlay":false,"sceneViewState":{"showFog":true,"showMaterialUpdate":false,"showSkybox":true,"showFlares":true,"showImageEffects":true,"showParticleSystems":true},"in2DMode":false,"pivot":{"x":567.689453125,"y":28.8217716217041,"z":1149.23193359375},"rotation":{"x":0.4111512303352356,"y":0.2667192816734314,"z":-0.1271662563085556,"w":0.8623480796813965},"size":229.31288146972657,"orthographic":true}