{"cameraMode":{"drawMode":0,"name":"Shaded","section":"Shading Mode"},"sceneLighting":true,"audioPlay":false,"sceneViewState":{"showFog":true,"showMaterialUpdate":false,"showSkybox":true,"showFlares":true,"showImageEffects":true,"showParticleSystems":true},"in2DMode":false,"pivot":{"x":1085.9036865234375,"y":35.88854217529297,"z":652.396240234375},"rotation":{"x":0.14660921692848206,"y":-0.4384380280971527,"z":0.07273770123720169,"w":0.8837347626686096},"size":16.033964157104493,"orthographic":true}