{"cameraMode":{"drawMode":0,"name":"Shaded","section":"Shading Mode"},"sceneLighting":true,"audioPlay":false,"sceneViewState":{"showFog":true,"showMaterialUpdate":false,"showSkybox":true,"showFlares":true,"showImageEffects":true,"showParticleSystems":true},"in2DMode":false,"pivot":{"x":1085.9036865234375,"y":35.88854217529297,"z":652.396240234375},"rotation":{"x":0.1914837807416916,"y":-0.2909567356109619,"z":0.05955689772963524,"w":0.9354844689369202},"size":16.033964157104493,"orthographic":true}