{"cameraMode":{"drawMode":0,"name":"Shaded","section":"Shading Mode"},"sceneLighting":true,"audioPlay":false,"sceneViewState":{"showFog":true,"showMaterialUpdate":false,"showSkybox":true,"showFlares":true,"showImageEffects":true,"showParticleSystems":true},"in2DMode":false,"pivot":{"x":494.8149719238281,"y":-36.920379638671878,"z":517.4214477539063},"rotation":{"x":0.3425922095775604,"y":-0.6395449042320252,"z":0.3833622634410858,"w":0.571529746055603},"size":1237.6148681640625,"orthographic":true}