{"cameraMode":{"drawMode":0,"name":"Shaded","section":"Shading Mode"},"sceneLighting":true,"audioPlay":false,"sceneViewState":{"showFog":false,"showMaterialUpdate":false,"showSkybox":false,"showFlares":false,"showImageEffects":false,"showParticleSystems":false},"in2DMode":false,"pivot":{"x":761.1407470703125,"y":44.623897552490237,"z":669.6224975585938},"rotation":{"x":-0.04072616621851921,"y":-0.9279871582984924,"z":0.10654115676879883,"w":-0.35472556948661806},"size":22.0,"orthographic":false}